<?xml version="1.0" encoding="UTF-8"?>
<project-private xmlns="http://www.netbeans.org/ns/project-private/1">
    <editor-bookmarks xmlns="http://www.netbeans.org/ns/editor-bookmarks/2" lastBookmarkId="0"/>
    <open-files xmlns="http://www.netbeans.org/ns/projectui-open-files/2">
        <group>
            <file>file:/C:/xampp/htdocs/Sanchari/user/registerform.php</file>
            <file>file:/C:/xampp/htdocs/Sanchari/driver/registerdriver.php</file>
            <file>file:/C:/xampp/htdocs/Sanchari/user/login.php</file>
            <file>file:/C:/xampp/htdocs/Sanchari/index.php</file>
            <file>file:/C:/xampp/htdocs/Sanchari/user/userpage.php</file>
            <file>file:/C:/xampp/htdocs/Sanchari/driver/driverhomepage.php</file>
            <file>file:/C:/xampp/htdocs/Sanchari/driver/logindriver.php</file>
            <file>file:/C:/xampp/htdocs/Sanchari/user/loginjs.js</file>
        </group>
    </open-files>
</project-private>
